{
  "id": "2265732",
  "name": "商城小程序",
  "font_family": "iconfont",
  "css_prefix_text": "icon-",
  "description": "",
  "glyphs": [
    {
      "icon_id": "1010160",
      "name": "退出",
      "font_class": "tuichu",
      "unicode": "e63f",
      "unicode_decimal": 58943
    },
    {
      "icon_id": "1509770",
      "name": "退出",
      "font_class": "logout",
      "unicode": "e67e",
      "unicode_decimal": 59006
    },
    {
      "icon_id": "9297184",
      "name": "退出",
      "font_class": "tuichu1",
      "unicode": "e619",
      "unicode_decimal": 58905
    },
    {
      "icon_id": "3063548",
      "name": "信息认证",
      "font_class": "xinxirenzheng",
      "unicode": "e618",
      "unicode_decimal": 58904
    },
    {
      "icon_id": "7817454",
      "name": "信息",
      "font_class": "yixianshi-",
      "unicode": "e614",
      "unicode_decimal": 58900
    },
    {
      "icon_id": "15562260",
      "name": "信息流",
      "font_class": "xinxiliu",
      "unicode": "e787",
      "unicode_decimal": 59271
    },
    {
      "icon_id": "691068",
      "name": "银行卡情况",
      "font_class": "yinxingqiaqingkuang",
      "unicode": "e629",
      "unicode_decimal": 58921
    },
    {
      "icon_id": "927688",
      "name": "ico-vip-off",
      "font_class": "ico-vip-off",
      "unicode": "e62a",
      "unicode_decimal": 58922
    },
    {
      "icon_id": "1460384",
      "name": "我的会员卡",
      "font_class": "wodehuiyuanqia",
      "unicode": "e622",
      "unicode_decimal": 58914
    },
    {
      "icon_id": "3743573",
      "name": "银行卡",
      "font_class": "icon-test1",
      "unicode": "e621",
      "unicode_decimal": 58913
    },
    {
      "icon_id": "11613954",
      "name": "银行卡",
      "font_class": "yinhangka1",
      "unicode": "e605",
      "unicode_decimal": 58885
    },
    {
      "icon_id": "1212048",
      "name": "订单",
      "font_class": "dingdan",
      "unicode": "e620",
      "unicode_decimal": 58912
    },
    {
      "icon_id": "77034",
      "name": "会员卡",
      "font_class": "huiyuanqia",
      "unicode": "e601",
      "unicode_decimal": 58881
    },
    {
      "icon_id": "14735485",
      "name": "银行卡",
      "font_class": "yinhangka",
      "unicode": "e63d",
      "unicode_decimal": 58941
    },
    {
      "icon_id": "767493",
      "name": "银行卡",
      "font_class": "yinxingqia",
      "unicode": "e66a",
      "unicode_decimal": 58986
    },
    {
      "icon_id": "1068808",
      "name": "优惠券",
      "font_class": "weibiaoti2fuzhi02",
      "unicode": "e61f",
      "unicode_decimal": 58911
    },
    {
      "icon_id": "3865995",
      "name": "账户",
      "font_class": "yonghu-",
      "unicode": "e603",
      "unicode_decimal": 58883
    },
    {
      "icon_id": "6677881",
      "name": "账户",
      "font_class": "zhanghu",
      "unicode": "e610",
      "unicode_decimal": 58896
    },
    {
      "icon_id": "6743268",
      "name": "预约日期",
      "font_class": "yiliaohangyedeICON-",
      "unicode": "e611",
      "unicode_decimal": 58897
    },
    {
      "icon_id": "9945087",
      "name": "优惠券",
      "font_class": "youhuiquan",
      "unicode": "e69e",
      "unicode_decimal": 59038
    },
    {
      "icon_id": "10468864",
      "name": "信息",
      "font_class": "icon-test",
      "unicode": "e63e",
      "unicode_decimal": 58942
    },
    {
      "icon_id": "11495054",
      "name": "协议",
      "font_class": "xieyi",
      "unicode": "e66c",
      "unicode_decimal": 58988
    },
    {
      "icon_id": "17863639",
      "name": "信息",
      "font_class": "xinxi",
      "unicode": "e604",
      "unicode_decimal": 58884
    }
  ]
}
